Indicator,Measure,year,Rate,95% Confidence Interval,Count,Population,Significance Compared to Ontario,PHU,PM25_3h,PM25_8h,NO2_3h,NO2_8h,O3_3h,O3_8h
Incidence of asthma,Standardized incidence ratio (both sexes),2013,0.79,(0.72-0.87),410,110890,Lower,Algoma Public Health Unit,12.188525199890137,10.08265209197998,14.208149909973145,11.049968719482422,37.673606872558594,35.3570556640625
Incidence of asthma,Standardized incidence ratio (both sexes),2014,0.88,(0.8-0.96),444,109695,Lower,Algoma Public Health Unit,12.788320541381836,10.438268661499023,14.73191738128662,11.40139865875244,37.15963363647461,34.806854248046875
Incidence of asthma,Standardized incidence ratio (both sexes),2015,0.92,(0.84-1.01),442,108738,No,Algoma Public Health Unit,12.47771453857422,10.242225646972656,14.293501853942873,11.03203010559082,37.54508590698242,35.11979675292969
Incidence of asthma,Standardized incidence ratio (both sexes),2016,0.73,(0.66-0.81),349,108295,Lower,Algoma Public Health Unit,10.452510833740234,8.577616691589355,13.61925983428955,10.52375030517578,37.32551574707031,34.9470329284668
Incidence of asthma,Standardized incidence ratio (both sexes),2017,0.73,(0.65-0.81),350,108127,Lower,Algoma Public Health Unit,10.536274909973145,8.611934661865234,13.276700019836426,10.333640098571776,37.053653717041016,34.73328399658203
Incidence of asthma,Standardized incidence ratio (both sexes),2018,0.76,(0.68-0.85),341,107839,Lower,Algoma Public Health Unit,11.314336776733398,9.23733139038086,13.346217155456545,10.321752548217772,37.484169006347656,35.24202346801758
Incidence of asthma,Standardized incidence ratio (both sexes),2019,0.69,(0.61-0.78),284,107727,Lower,Algoma Public Health Unit,10.95860195159912,8.836064338684082,13.419676780700684,10.396751403808594,36.351356506347656,34.22063446044922
Incidence of asthma,Standardized incidence ratio (both sexes),2020,0.6,(0.52-0.69),196,106591,Lower,Algoma Public Health Unit,10.257909774780272,8.376608848571777,11.715679168701172,8.960919380187988,35.880252838134766,33.75153732299805
Incidence of asthma,Standardized incidence ratio (both sexes),2021,0.61,(0.53-0.7),206,107704,Lower,Algoma Public Health Unit,11.683584213256836,9.525426864624023,11.971839904785156,9.267075538635254,37.296512603759766,35.04764938354492
Incidence of asthma,Standardized incidence ratio (both sexes),2022,0.52,(0.45-0.6),202,108842,Lower,Algoma Public Health Unit,9.784984588623049,8.218326568603516,12.440309524536133,9.53087043762207,36.89970779418945,34.71320343017578
Incidence of asthma,Standardized incidence ratio (both sexes),2013,0.71,(0.65-0.78),467,130511,Lower,Brant County Health Unit,13.193808555603027,10.942051887512209,15.143484115600586,11.94636344909668,38.2313117980957,35.65147399902344
Incidence of asthma,Standardized incidence ratio (both sexes),2014,0.79,(0.72-0.86),537,136236,Lower,Brant County Health Unit,13.665023803710938,11.206543922424316,15.582688331604004,12.220510482788086,37.98194122314453,35.3321647644043
Incidence of asthma,Standardized incidence ratio (both sexes),2015,0.83,(0.76-0.9),534,136686,Lower,Brant County Health Unit,13.39551067352295,11.045055389404297,15.127211570739746,11.832271575927734,38.4809684753418,35.77927780151367
Incidence of asthma,Standardized incidence ratio (both sexes),2016,0.78,(0.72-0.86),508,137595,Lower,Brant County Health Unit,11.208940505981444,9.25881576538086,14.670177459716797,11.491579055786133,38.67533874511719,35.988731384277344
Incidence of asthma,Standardized incidence ratio (both sexes),2017,0.81,(0.74-0.88),526,138648,Lower,Brant County Health Unit,11.348125457763672,9.3202362060546875,14.103055953979492,11.12020492553711,37.93274688720703,35.31962203979492
Incidence of asthma,Standardized incidence ratio (both sexes),2018,0.76,(0.69-0.83),466,139490,Lower,Brant County Health Unit,11.939027786254885,9.843270301818848,13.98090934753418,10.9531831741333,38.00482177734375,35.50764465332031
Incidence of asthma,Standardized incidence ratio (both sexes),2019,0.83,(0.75-0.9),467,140331,Lower,Brant County Health Unit,11.758633613586426,9.57401180267334,14.19082260131836,11.161638259887695,36.88584899902344,34.489471435546875
Incidence of asthma,Standardized incidence ratio (both sexes),2020,0.92,(0.83-1.02),406,141774,No,Brant County Health Unit,10.957456588745115,9.001127243041992,12.21160888671875,9.502899169921877,36.77265167236328,34.40003967285156
Incidence of asthma,Standardized incidence ratio (both sexes),2021,0.9,(0.82-0.99),431,145880,Lower,Brant County Health Unit,12.342926025390623,10.096900939941406,12.643177032470703,9.92786979675293,38.08366394042969,35.616458892822266
Incidence of asthma,Standardized incidence ratio (both sexes),2022,0.78,(0.71-0.86),472,150134,Lower,Brant County Health Unit,10.359731674194336,8.755892753601074,13.08151626586914,10.169139862060549,37.69163513183594,35.24514389038086
Incidence of asthma,Standardized incidence ratio (both sexes),2013,1.06,(1.02-1.1),3043,577754,Higher,Durham Region Health Department,12.874486923217772,10.663920402526855,15.14638328552246,11.915897369384766,37.8129768371582,35.278114318847656
Incidence of asthma,Standardized incidence ratio (both sexes),2014,1.03,(1.00-1.07),2972,582143,No,Durham Region Health Department,13.237727165222168,10.867992401123049,15.58652400970459,12.16744327545166,37.58916473388672,34.98374557495117
Incidence of asthma,Standardized incidence ratio (both sexes),2015,1.05,(1.01-1.09),2879,588324,Higher,Durham Region Health Department,13.014104843139648,10.723480224609377,15.259203910827637,11.89173698425293,38.09124755859375,35.42996597290039
Incidence of asthma,Standardized incidence ratio (both sexes),2016,1.01,(0.97-1.05),2808,595698,No,Durham Region Health Department,10.95991325378418,9.03553295135498,14.921422958374023,11.654818534851074,38.23229217529297,35.582366943359375
Incidence of asthma,Standardized incidence ratio (both sexes),2017,1.03,(0.99-1.07),2910,602361,No,Durham Region Health Department,11.123750686645508,9.122783660888672,14.323131561279297,11.253284454345703,37.5673713684082,34.9804801940918
Incidence of asthma,Standardized incidence ratio (both sexes),2018,1.01,(0.97-1.05),2712,610810,No,Durham Region Health Department,11.708974838256836,9.632628440856934,14.135008811950684,11.044495582580566,37.7044792175293,35.23820114135742
Incidence of asthma,Standardized incidence ratio (both sexes),2019,0.96,(0.93-1.00),2427,624225,No,Durham Region Health Department,11.471570014953612,9.328349113464355,14.245546340942385,11.181208610534668,36.508663177490234,34.15192794799805
Incidence of asthma,Standardized incidence ratio (both sexes),2020,1.06,(1.01-1.11),2085,633130,Higher,Durham Region Health Department,10.79275131225586,8.843653678894043,12.373175621032717,9.59800910949707,36.51866149902344,34.15385437011719
Incidence of asthma,Standardized incidence ratio (both sexes),2021,1.06,(1.01-1.1),2260,646793,Higher,Durham Region Health Department,12.084342002868652,9.866597175598145,12.752540588378906,9.987593650817873,37.68418502807617,35.22887420654297
Incidence of asthma,Standardized incidence ratio (both sexes),2022,0.88,(0.84-0.91),2375,662335,Lower,Durham Region Health Department,10.230995178222656,8.616130828857422,13.320108413696287,10.3243408203125,37.199615478515625,34.771240234375
Incidence of asthma,Standardized incidence ratio (both sexes),2013,0.53,(0.47-0.58),372,150130,Lower,Grey Bruce Health Unit,12.750442504882813,10.55844020843506,14.667972564697266,11.514615058898926,38.02602767944336,35.5380859375
Incidence of asthma,Standardized incidence ratio (both sexes),2014,0.56,(0.51-0.62),396,149956,Lower,Grey Bruce Health Unit,13.22364616394043,10.831393241882324,15.14779567718506,11.821195602416992,37.696189880371094,35.1490592956543
Incidence of asthma,Standardized incidence ratio (both sexes),2015,0.58,(0.53-0.64),393,149723,Lower,Grey Bruce Health Unit,12.96678066253662,10.674261093139648,14.728392601013184,11.46307373046875,38.18534851074219,35.57363510131836
Incidence of asthma,Standardized incidence ratio (both sexes),2016,0.5,(0.45-0.56),339,150931,Lower,Grey Bruce Health Unit,10.868701934814451,8.955577850341797,14.23556900024414,11.098640441894531,38.22142028808594,35.64339065551758
Incidence of asthma,Standardized incidence ratio (both sexes),2017,0.53,(0.47-0.58),364,152902,Lower,Grey Bruce Health Unit,10.980584144592283,9.004230499267578,13.820616722106934,10.85540771484375,37.64498519897461,35.12849426269531
Incidence of asthma,Standardized incidence ratio (both sexes),2018,0.5,(0.45-0.56),332,154735,Lower,Grey Bruce Health Unit,11.634437561035156,9.560758590698242,13.760040283203123,10.729452133178713,37.85987091064453,35.43968963623047
Incidence of asthma,Standardized incidence ratio (both sexes),2019,0.57,(0.51-0.63),353,157002,Lower,Grey Bruce Health Unit,11.388297080993652,9.24142837524414,13.895095825195313,10.870770454406738,36.705936431884766,34.39747619628906
Incidence of asthma,Standardized incidence ratio (both sexes),2020,0.45,(0.39-0.51),219,158187,Lower,Grey Bruce Health Unit,10.637811660766602,8.722695350646973,12.03831672668457,9.30906867980957,36.4818229675293,34.187808990478516
Incidence of asthma,Standardized incidence ratio (both sexes),2021,0.56,(0.5-0.63),295,162306,Lower,Grey Bruce Health Unit,12.011778831481934,9.812438011169434,12.39177417755127,9.67918300628662,37.798885345458984,35.404510498046875
Incidence of asthma,Standardized incidence ratio (both sexes),2022,0.49,(0.43-0.54),310,165063,Lower,Grey Bruce Health Unit,10.11916446685791,8.5282135009765625,12.859502792358398,9.944561004638672,37.42241668701172,35.058990478515625
Incidence of asthma,Standardized incidence ratio (both sexes),2013,0.71,(0.64-0.79),356,105921,Lower,Haldimand-Norfolk Health Unit,13.207942962646484,10.958416938781738,15.148041725158691,11.953465461730955,38.25942611694336,35.67494201660156
Incidence of asthma,Standardized incidence ratio (both sexes),2014,0.65,(0.58-0.72),310,101430,Lower,Haldimand-Norfolk Health Unit,13.69126319885254,11.234824180603027,15.581342697143556,12.223769187927246,38.02192687988281,35.36614990234375
Incidence of asthma,Standardized incidence ratio (both sexes),2015,0.74,(0.66-0.82),337,100947,Lower,Haldimand-Norfolk Health Unit,13.407881736755373,11.058390617370604,15.114015579223633,11.826523780822754,38.5207405090332,35.81413269042969
Incidence of asthma,Standardized incidence ratio (both sexes),2016,0.76,(0.69-0.85),352,102483,Lower,Haldimand-Norfolk Health Unit,11.22441864013672,9.273465156555176,14.652579307556152,11.478360176086426,38.72423553466797,36.03123474121094
Incidence of asthma,Standardized incidence ratio (both sexes),2017,0.83,(0.75-0.92),394,104180,Lower,Haldimand-Norfolk Health Unit,11.361589431762695,9.33408260345459,14.072829246520996,11.097987174987791,37.967308044433594,35.349552154541016
Incidence of asthma,Standardized incidence ratio (both sexes),2018,0.73,(0.65-0.81),331,105748,Lower,Haldimand-Norfolk Health Unit,11.947593688964844,9.85330867767334,13.93932819366455,10.922609329223633,38.028228759765625,35.5270881652832
Incidence of asthma,Standardized incidence ratio (both sexes),2019,0.74,(0.66-0.82),317,108612,Lower,Haldimand-Norfolk Health Unit,11.77299976348877,9.588160514831545,14.149182319641112,11.130560874938965,36.924415588378906,34.522918701171875
Incidence of asthma,Standardized incidence ratio (both sexes),2020,0.7,(0.61-0.8),234,107905,Lower,Haldimand-Norfolk Health Unit,10.972016334533691,9.01480770111084,12.175901412963867,9.47748565673828,36.80604553222656,34.43085861206055
Incidence of asthma,Standardized incidence ratio (both sexes),2021,0.72,(0.63-0.81),258,111250,Lower,Haldimand-Norfolk Health Unit,12.351266860961914,10.105975151062012,12.6126708984375,9.906518936157228,38.122947692871094,35.65281677246094
Incidence of asthma,Standardized incidence ratio (both sexes),2022,0.82,(0.73-0.91),359,113364,Lower,Haldimand-Norfolk Health Unit,10.370267868041992,8.7657623291015625,13.036879539489746,10.136558532714844,37.73184585571289,35.281402587890625
Incidence of asthma,Standardized incidence ratio (both sexes),2013,0.73,(0.67-0.8),539,161218,Lower,"Haliburton, Kawartha, Pine Ridge District Health Unit",12.648261070251465,10.473869323730469,14.800936698913574,11.61288356781006,37.70698547363281,35.222782135009766
Incidence of asthma,Standardized incidence ratio (both sexes),2014,0.81,(0.75-0.88),597,162380,Lower,"Haliburton, Kawartha, Pine Ridge District Health Unit",12.972984313964844,10.64947509765625,15.226015090942385,11.845847129821776,37.488563537597656,34.93012237548828
Incidence of asthma,Standardized incidence ratio (both sexes),2015,0.87,(0.8-0.94),610,162668,Lower,"Haliburton, Kawartha, Pine Ridge District Health Unit",12.767476081848145,10.514121055603027,14.940696716308594,11.604884147644045,37.99078750610352,35.37594223022461
Incidence of asthma,Standardized incidence ratio (both sexes),2016,0.85,(0.78-0.92),599,164279,Lower,"Haliburton, Kawartha, Pine Ridge District Health Unit",10.782920837402344,8.878594398498535,14.592809677124023,11.356314659118652,38.08267593383789,35.4825325012207
Incidence of asthma,Standardized incidence ratio (both sexes),2017,0.81,(0.74-0.88),582,165918,Lower,"Haliburton, Kawartha, Pine Ridge District Health Unit",10.925016403198242,8.954045295715332,14.011859893798828,10.967342376708984,37.4668083190918,34.92713928222656
Incidence of asthma,Standardized incidence ratio (both sexes),2018,0.89,(0.82-0.96),606,166518,Lower,"Haliburton, Kawartha, Pine Ridge District Health Unit",11.52947235107422,9.47244358062744,13.86095905303955,10.796271324157717,37.64962387084961,35.22292709350586
Incidence of asthma,Standardized incidence ratio (both sexes),2019,1.01,(0.94-1.09),647,168315,No,"Haliburton, Kawartha, Pine Ridge District Health Unit",11.291281700134276,9.165127754211426,13.953116416931152,10.911409378051758,36.475887298583984,34.15877914428711
Incidence of asthma,Standardized incidence ratio (both sexes),2020,0.95,(0.86-1.03),487,168748,No,"Haliburton, Kawartha, Pine Ridge District Health Unit",10.643752098083496,8.711874961853027,12.145288467407228,9.38578987121582,36.43610382080078,34.109413146972656
Incidence of asthma,Standardized incidence ratio (both sexes),2021,0.9,(0.82-0.98),484,172090,Lower,"Haliburton, Kawartha, Pine Ridge District Health Unit",11.90110683441162,9.711019515991213,12.482101440429688,9.744869232177734,37.57313919067383,35.1524543762207
Incidence of asthma,Standardized incidence ratio (both sexes),2022,0.7,(0.63-0.77),435,174077,Lower,"Haliburton, Kawartha, Pine Ridge District Health Unit",10.111974716186523,8.509437561035156,13.054736137390137,10.085158348083496,37.11436080932617,34.72273635864258
Incidence of asthma,Standardized incidence ratio (both sexes),2013,0.97,(0.94-1.01),2500,508552,No,Halton Region Health Department,13.142989158630373,10.892173767089844,15.366000175476074,12.11937427520752,38.041446685791016,35.46089553833008
Incidence of asthma,Standardized incidence ratio (both sexes),2014,0.96,(0.93-1.00),2484,515315,No,Halton Region Health Department,13.569700241088867,11.135255813598633,15.79572296142578,12.375346183776855,37.79349899291992,35.143882751464844
Incidence of asthma,Standardized incidence ratio (both sexes),2015,0.98,(0.94-1.02),2418,523233,No,Halton Region Health Department,13.32293701171875,10.984237670898438,15.39097499847412,12.032485008239746,38.29791259765625,35.59653854370117
Incidence of asthma,Standardized incidence ratio (both sexes),2016,0.99,(0.95-1.03),2456,533414,No,Halton Region Health Department,11.16291046142578,9.219709396362305,15.01096248626709,11.762125968933104,38.48274993896485,35.79323959350586
Incidence of asthma,Standardized incidence ratio (both sexes),2017,0.98,(0.94-1.02),2460,541369,No,Halton Region Health Department,11.32884407043457,9.300198554992676,14.419271469116213,11.367572784423828,37.76283645629883,35.14036178588867
Incidence of asthma,Standardized incidence ratio (both sexes),2018,1.05,(1.01-1.09),2498,551623,Higher,Halton Region Health Department,11.911176681518556,9.814509391784668,14.272674560546877,11.182212829589844,37.86213684082031,35.361595153808594
Incidence of asthma,Standardized incidence ratio (both sexes),2019,1.09,(1.05-1.14),2447,570355,Higher,Halton Region Health Department,11.70502758026123,9.532171249389648,14.470865249633787,11.387693405151367,36.69912338256836,34.30207061767578
Incidence of asthma,Standardized incidence ratio (both sexes),2020,1.13,(1.08-1.18),1985,575154,Higher,Halton Region Health Department,10.945673942565918,8.985047340393066,12.481451988220217,9.713909149169922,36.667327880859375,34.27806854248047
Incidence of asthma,Standardized incidence ratio (both sexes),2021,1.22,(1.17-1.28),2270,584966,Higher,Halton Region Health Department,12.301379203796388,10.057400703430176,12.910938262939451,10.13945198059082,37.90188980102539,35.42344284057617
Incidence of asthma,Standardized incidence ratio (both sexes),2022,1.27,(1.23-1.32),2900,597622,Higher,Halton Region Health Department,10.34968376159668,8.736701965332031,13.41713523864746,10.428304672241213,37.4550895690918,34.999839782714844
Incidence of asthma,Standardized incidence ratio (both sexes),2013,0.87,(0.83-0.91),2131,509245,Lower,Hamilton Public Health Services,13.19866180419922,10.94239330291748,15.327411651611328,12.095096588134766,38.11354064941406,35.527137756347656
Incidence of asthma,Standardized incidence ratio (both sexes),2014,0.83,(0.8-0.87),2031,511818,Lower,Hamilton Public Health Services,13.6421480178833,11.194866180419922,15.752748489379885,12.350150108337402,37.87147521972656,35.214378356933594
Incidence of asthma,Standardized incidence ratio (both sexes),2015,0.82,(0.79-0.86),1922,515302,Lower,Hamilton Public Health Services,13.385193824768066,11.037141799926758,15.331583023071287,11.992716789245604,38.37602615356445,35.66889190673828
Incidence of asthma,Standardized incidence ratio (both sexes),2016,0.84,(0.8-0.87),1965,519949,Lower,Hamilton Public Health Services,11.205766677856444,9.255990028381348,14.924311637878418,11.694568634033203,38.58401107788086,35.887428283691406
Incidence of asthma,Standardized incidence ratio (both sexes),2017,0.94,(0.9-0.98),2227,523945,Lower,Hamilton Public Health Services,11.363222122192385,9.330331802368164,14.329800605773926,11.299149513244627,37.84071731567383,35.2149772644043
Incidence of asthma,Standardized incidence ratio (both sexes),2018,0.95,(0.91-0.99),2140,528541,Lower,Hamilton Public Health Services,11.944093704223633,9.845585823059082,14.188043594360352,11.118167877197266,37.917476654052734,35.41328430175781
Incidence of asthma,Standardized incidence ratio (both sexes),2019,1,(0.96-1.04),2102,537348,No,Hamilton Public Health Services,11.753504753112791,9.5733060836792,14.399958610534668,11.332874298095703,36.77564239501953,34.37321090698242
Incidence of asthma,Standardized incidence ratio (both sexes),2020,1.12,(1.07-1.17),1841,536542,Higher,Hamilton Public Health Services,10.973718643188477,9.011528968811035,12.400859832763672,9.654909133911133,36.72910690307617,34.34062576293945
Incidence of asthma,Standardized incidence ratio (both sexes),2021,1.01,(0.96-1.06),1761,544337,No,Hamilton Public Health Services,12.335543632507324,10.089238166809082,12.834603309631348,10.082077026367188,37.981475830078125,35.50173568725586
Incidence of asthma,Standardized incidence ratio (both sexes),2022,0.87,(0.83-0.91),1846,552787,Lower,Hamilton Public Health Services,10.370617866516112,8.759364128112793,13.310178756713867,10.348620414733888,37.55247116088867,35.09416580200195
Incidence of asthma,Standardized incidence ratio (both sexes),2013,0.64,(0.58-0.7),460,150605,Lower,Hastings and Prince Edward Counties Health Unit,12.53857135772705,10.392289161682127,14.60306167602539,11.445651054382324,37.63251495361328,35.172760009765625
Incidence of asthma,Standardized incidence ratio (both sexes),2014,0.71,(0.65-0.78),506,150502,Lower,Hastings and Prince Edward Counties Health Unit,12.840612411499023,10.547743797302246,15.007793426513672,11.650276184082031,37.45454406738281,34.91135787963867
Incidence of asthma,Standardized incidence ratio (both sexes),2015,0.69,(0.63-0.76),469,150494,Lower,Hastings and Prince Edward Counties Health Unit,12.645902633666992,10.41530704498291,14.76103687286377,11.44374656677246,37.95585250854492,35.35942840576172
Incidence of asthma,Standardized incidence ratio (both sexes),2016,0.82,(0.75-0.89),558,151938,Lower,Hastings and Prince Edward Counties Health Unit,10.704398155212402,8.813679695129395,14.424946784973145,11.20000171661377,38.05084991455078,35.46411895751953
Incidence of asthma,Standardized incidence ratio (both sexes),2017,0.72,(0.66-0.79),497,153586,Lower,Hastings and Prince Edward Counties Health Unit,10.838056564331056,8.883745193481445,13.826701164245604,10.795125007629396,37.43977737426758,34.914249420166016
Incidence of asthma,Standardized incidence ratio (both sexes),2018,0.72,(0.65-0.79),471,155154,Lower,Hastings and Prince Edward Counties Health Unit,11.43669319152832,9.39683723449707,13.696514129638672,10.649155616760254,37.62208938598633,35.208194732666016
Incidence of asthma,Standardized incidence ratio (both sexes),2019,0.81,(0.74-0.88),491,156484,Lower,Hastings and Prince Edward Counties Health Unit,11.220614433288574,9.104257583618164,13.783015251159668,10.756577491760254,36.4779167175293,34.17258071899414
Incidence of asthma,Standardized incidence ratio (both sexes),2020,0.84,(0.76-0.92),405,157381,Lower,Hastings and Prince Edward Counties Health Unit,10.595818519592283,8.6721954345703125,12.007426261901855,9.26059341430664,36.425575256347656,34.11042022705078
Incidence of asthma,Standardized incidence ratio (both sexes),2021,0.79,(0.72-0.87),407,161196,Lower,Hastings and Prince Edward Counties Health Unit,11.817865371704102,9.645017623901367,12.333352088928224,9.613351821899414,37.54279327392578,35.13243103027344
Incidence of asthma,Standardized incidence ratio (both sexes),2022,0.71,(0.65-0.79),435,163251,Lower,Hastings and Prince Edward Counties Health Unit,10.055508613586426,8.464768409729004,12.904772758483888,9.950188636779783,37.10115432739258,34.71845245361328
Incidence of asthma,Standardized incidence ratio (both sexes),2013,0.58,(0.51-0.65),275,97094,Lower,Chatham-Kent Health Unit,13.14095401763916,10.928637504577637,14.933180809020996,11.774044036865234,38.47865295410156,35.90530014038086
Incidence of asthma,Standardized incidence ratio (both sexes),2014,0.53,(0.47-0.6),248,96461,Lower,Chatham-Kent Health Unit,13.7962007522583,11.322222709655762,15.459593772888184,12.138191223144531,38.20758438110352,35.57403564453125
Incidence of asthma,Standardized incidence ratio (both sexes),2015,0.64,(0.57-0.72),284,96003,Lower,Chatham-Kent Health Unit,13.406875610351564,11.066515922546388,14.863859176635742,11.639567375183104,38.67520904541016,35.9853401184082
Incidence of asthma,Standardized incidence ratio (both sexes),2016,0.78,(0.7-0.87),343,96156,Lower,Chatham-Kent Health Unit,11.210041999816896,9.265339851379396,14.227500915527344,11.133228302001951,38.83170700073242,36.16489791870117
Incidence of asthma,Standardized incidence ratio (both sexes),2017,0.89,(0.81-0.99),395,96429,Lower,Chatham-Kent Health Unit,11.288983345031738,9.285709381103516,13.70893383026123,10.816261291503906,38.129058837890625,35.5463981628418
Incidence of asthma,Standardized incidence ratio (both sexes),2018,0.85,(0.76-0.94),350,96411,Lower,Chatham-Kent Health Unit,11.922809600830078,9.836249351501465,13.601028442382813,10.65068244934082,38.227630615234375,35.739498138427734
Incidence of asthma,Standardized incidence ratio (both sexes),2019,0.76,(0.68-0.86),298,99010,Lower,Chatham-Kent Health Unit,11.774276733398438,9.584527015686035,13.796889305114746,10.83224868774414,37.192928314208984,34.80906295776367
Incidence of asthma,Standardized incidence ratio (both sexes),2020,0.75,(0.66-0.86),228,98114,Lower,Chatham-Kent Health Unit,10.946807861328123,9.007503509521484,11.87685203552246,9.226375579833984,36.8112678527832,34.4843864440918
Incidence of asthma,Standardized incidence ratio (both sexes),2021,0.77,(0.67-0.87),246,99374,Lower,Chatham-Kent Health Unit,12.40768814086914,10.157240867614746,12.328086853027344,9.669221878051758,38.3722038269043,35.94160461425781
Incidence of asthma,Standardized incidence ratio (both sexes),2022,0.65,(0.57-0.74),253,100442,Lower,Chatham-Kent Health Unit,10.411328315734863,8.801398277282715,12.596250534057615,9.78262424468994,38.090545654296875,35.68036651611328
Incidence of asthma,Standardized incidence ratio (both sexes),2013,0.82,(0.76-0.89),715,184643,Lower,"Kingston, Frontenac and Lennox and Addington Health Unit",12.428001403808594,10.31134033203125,14.438909530639648,11.310502052307127,37.54587936401367,35.112430572509766
Incidence of asthma,Standardized incidence ratio (both sexes),2014,0.83,(0.77-0.89),712,183587,Lower,"Kingston, Frontenac and Lennox and Addington Health Unit",12.729753494262695,10.460772514343262,14.834176063537598,11.49544906616211,37.39919662475586,34.87193298339844
Incidence of asthma,Standardized incidence ratio (both sexes),2015,0.84,(0.77-0.9),681,184014,Lower,"Kingston, Frontenac and Lennox and Addington Health Unit",12.541359901428224,10.331127166748049,14.615036964416504,11.312042236328123,37.89777374267578,35.32091522216797
Incidence of asthma,Standardized incidence ratio (both sexes),2016,0.78,(0.72-0.85),638,185342,Lower,"Kingston, Frontenac and Lennox and Addington Health Unit",10.637171745300291,8.759232521057129,14.287421226501465,11.071317672729492,37.97367858886719,35.4042854309082
Incidence of asthma,Standardized incidence ratio (both sexes),2017,0.84,(0.77-0.9),688,187085,Lower,"Kingston, Frontenac and Lennox and Addington Health Unit",10.757349014282228,8.819912910461426,13.683257102966309,10.661389350891112,37.38056945800781,34.86994934082031
Incidence of asthma,Standardized incidence ratio (both sexes),2018,0.86,(0.8-0.93),667,187382,Lower,"Kingston, Frontenac and Lennox and Addington Health Unit",11.350969314575195,9.327056884765623,13.586504936218262,10.548358917236328,37.58173751831055,35.180118560791016
Incidence of asthma,Standardized incidence ratio (both sexes),2019,0.92,(0.85-1.00),663,188413,Lower,"Kingston, Frontenac and Lennox and Addington Health Unit",11.14819049835205,9.043584823608398,13.658753395080566,10.64177417755127,36.456298828125,34.16392517089844
Incidence of asthma,Standardized incidence ratio (both sexes),2020,1,(0.92-1.09),568,186097,No,"Kingston, Frontenac and Lennox and Addington Health Unit",10.53922176361084,8.627711296081543,11.910150527954102,9.171049118041992,36.38395690917969,34.08244323730469
Incidence of asthma,Standardized incidence ratio (both sexes),2021,0.84,(0.77-0.92),501,189293,Lower,"Kingston, Frontenac and Lennox and Addington Health Unit",11.75910758972168,9.595879554748535,12.225072860717772,9.51561450958252,37.4847297668457,35.086265563964844
Incidence of asthma,Standardized incidence ratio (both sexes),2022,0.81,(0.75-0.88),568,192050,Lower,"Kingston, Frontenac and Lennox and Addington Health Unit",9.99721908569336,8.420475959777832,12.78787326812744,9.8462553024292,37.058345794677734,34.68698501586914
Incidence of asthma,Standardized incidence ratio (both sexes),2013,0.88,(0.8-0.96),505,119895,Lower,Lambton Public Health,13.123034477233888,10.914998054504396,14.930572509765623,11.769229888916016,38.47193908691406,35.9025764465332
Incidence of asthma,Standardized incidence ratio (both sexes),2014,0.79,(0.72-0.87),449,119119,Lower,Lambton Public Health,13.794049263000488,11.31984043121338,15.472265243530272,12.145545959472656,38.19400405883789,35.56644821166992
Incidence of asthma,Standardized incidence ratio (both sexes),2015,0.82,(0.74-0.9),435,118460,Lower,Lambton Public Health,13.396629333496094,11.057746887207031,14.872791290283203,11.645790100097656,38.655643463134766,35.970970153808594
Incidence of asthma,Standardized incidence ratio (both sexes),2016,0.86,(0.78-0.94),456,118604,Lower,Lambton Public Health,11.201530456542969,9.256976127624512,14.221447944641112,11.126361846923828,38.80495834350586,36.14394760131836
Incidence of asthma,Standardized incidence ratio (both sexes),2017,0.85,(0.77-0.93),457,118753,Lower,Lambton Public Health,11.276165008544922,9.2747802734375,13.70799732208252,10.814562797546388,38.1142692565918,35.53786849975586
Incidence of asthma,Standardized incidence ratio (both sexes),2018,0.71,(0.64-0.79),363,119308,Lower,Lambton Public Health,11.917357444763184,9.830016136169434,13.60589599609375,10.65219497680664,38.22766876220703,35.743263244628906
Incidence of asthma,Standardized incidence ratio (both sexes),2019,0.87,(0.79-0.96),404,118489,Lower,Lambton Public Health,11.764755249023438,9.574953079223633,13.79688549041748,10.828566551208496,37.1911506652832,34.81265640258789
Incidence of asthma,Standardized incidence ratio (both sexes),2020,0.67,(0.59-0.76),243,117828,Lower,Lambton Public Health,10.93560791015625,8.998773574829102,11.88113021850586,9.225607872009276,36.7845344543457,34.464473724365234
Incidence of asthma,Standardized incidence ratio (both sexes),2021,0.66,(0.59-0.75),256,119227,Lower,Lambton Public Health,12.40664005279541,10.155928611755373,12.333118438720703,9.66995334625244,38.36919403076172,35.944461822509766
Incidence of asthma,Standardized incidence ratio (both sexes),2022,0.74,(0.66-0.82),340,120586,Lower,Lambton Public Health,10.406655311584473,8.79684829711914,12.592141151428224,9.7760772705078125,38.09465789794922,35.69124984741211
Incidence of asthma,Standardized incidence ratio (both sexes),2013,1.05,(0.98-1.13),766,156454,No,"Leeds, Grenville and Lanark District Health Unit",12.286466598510742,10.188612937927246,14.331727027893066,11.202421188354492,37.4132194519043,35.011924743652344
Incidence of asthma,Standardized incidence ratio (both sexes),2014,1.04,(0.97-1.12),750,156085,No,"Leeds, Grenville and Lanark District Health Unit",12.553503036499023,10.316169738769531,14.673155784606934,11.34908676147461,37.22325897216797,34.731422424316406
Incidence of asthma,Standardized incidence ratio (both sexes),2015,1,(0.93-1.08),687,155718,No,"Leeds, Grenville and Lanark District Health Unit",12.38377285003662,10.199583053588867,14.476627349853516,11.181615829467772,37.74345779418945,35.20151138305664
Incidence of asthma,Standardized incidence ratio (both sexes),2016,0.98,(0.91-1.06),676,156555,No,"Leeds, Grenville and Lanark District Health Unit",10.52813720703125,8.662698745727539,14.14245319366455,10.935020446777344,37.7440299987793,35.216190338134766
Incidence of asthma,Standardized incidence ratio (both sexes),2017,0.92,(0.85-1.00),644,157417,Lower,"Leeds, Grenville and Lanark District Health Unit",10.62553596496582,8.712206840515137,13.547636032104492,10.531173706054688,37.20707321166992,34.729976654052734
Incidence of asthma,Standardized incidence ratio (both sexes),2018,0.98,(0.9-1.06),646,158963,No,"Leeds, Grenville and Lanark District Health Unit",11.222400665283203,9.216821670532228,13.506879806518556,10.469587326049805,37.47010803222656,35.097843170166016
Incidence of asthma,Standardized incidence ratio (both sexes),2019,0.96,(0.88-1.04),592,160600,No,"Leeds, Grenville and Lanark District Health Unit",11.020325660705566,8.934012413024902,13.559321403503418,10.543572425842283,36.35930252075195,34.09674835205078
Incidence of asthma,Standardized incidence ratio (both sexes),2020,0.96,(0.88-1.05),475,161294,No,"Leeds, Grenville and Lanark District Health Unit",10.423795700073242,8.534722328186035,11.845784187316896,9.103348731994627,36.2451171875,33.9716682434082
Incidence of asthma,Standardized incidence ratio (both sexes),2021,0.8,(0.72-0.88),417,164703,Lower,"Leeds, Grenville and Lanark District Health Unit",11.637166023254396,9.496452331542969,12.131636619567873,9.425152778625488,37.33035659790039,34.95623779296875
Incidence of asthma,Standardized incidence ratio (both sexes),2022,0.82,(0.75-0.89),505,167044,Lower,"Leeds, Grenville and Lanark District Health Unit",9.91872501373291,8.356405258178711,12.702672004699709,9.763860702514648,36.9227409362793,34.580902099609375
Incidence of asthma,Standardized incidence ratio (both sexes),2013,0.93,(0.89-0.97),1917,429211,Lower,Middlesex-London Health Unit,13.13624668121338,10.907097816467283,14.89529800415039,11.742756843566896,38.40711212158203,35.84131622314453
Incidence of asthma,Standardized incidence ratio (both sexes),2014,0.95,(0.91-1.00),1963,430739,Lower,Middlesex-London Health Unit,13.696412086486816,11.230939865112305,15.36387538909912,12.05551528930664,38.12948226928711,35.498626708984375
Incidence of asthma,Standardized incidence ratio (both sexes),2015,1,(0.96-1.05),1967,431953,No,Middlesex-London Health Unit,13.365371704101564,11.024085998535156,14.81874942779541,11.591094017028809,38.618953704833984,35.93019485473633
Incidence of asthma,Standardized incidence ratio (both sexes),2016,1.04,(0.99-1.09),2062,437846,No,Middlesex-London Health Unit,11.173940658569336,9.233283996582031,14.257192611694336,11.156880378723145,38.77131271362305,36.108192443847656
Incidence of asthma,Standardized incidence ratio (both sexes),2017,1.01,(0.97-1.05),2048,445009,No,Middlesex-London Health Unit,11.268016815185549,9.2634916305542,13.745266914367676,10.839677810668944,38.06547164916992,35.4791145324707
Incidence of asthma,Standardized incidence ratio (both sexes),2018,1.09,(1.05-1.14),2117,453077,Higher,Middlesex-London Health Unit,11.882942199707031,9.802128791809082,13.645249366760254,10.684322357177734,38.14871597290039,35.66520309448242
Incidence of asthma,Standardized incidence ratio (both sexes),2019,1.04,(0.99-1.09),1879,461020,No,Middlesex-London Health Unit,11.725152015686035,9.5424652099609375,13.83720874786377,10.867683410644531,37.07859802246094,34.69670104980469
Incidence of asthma,Standardized incidence ratio (both sexes),2020,1.13,(1.08-1.19),1608,462485,Higher,Middlesex-London Health Unit,10.90478801727295,8.9661226272583,11.909955978393556,9.255303382873535,36.81005859375,34.470184326171875
Incidence of asthma,Standardized incidence ratio (both sexes),2021,1.21,(1.15-1.26),1840,475247,Higher,Middlesex-London Health Unit,12.332582473754885,10.093877792358398,12.341784477233888,9.68116569519043,38.250877380371094,35.81129455566406
Incidence of asthma,Standardized incidence ratio (both sexes),2022,0.94,(0.9-0.99),1776,487742,Lower,Middlesex-London Health Unit,10.346335411071776,8.748754501342773,12.691161155700684,9.858232498168944,37.92023468017578,35.5016975402832
Incidence of asthma,Standardized incidence ratio (both sexes),2013,1.05,(1.00-1.09),2037,414386,Higher,Niagara Region Public Health Department,13.132158279418944,10.889363288879396,15.309530258178713,12.074274063110352,38.037723541259766,35.4574089050293
Incidence of asthma,Standardized incidence ratio (both sexes),2014,0.95,(0.9-0.99),1821,414013,Lower,Niagara Region Public Health Department,13.533646583557127,11.11826515197754,15.727313041687012,12.315925598144531,37.82265090942383,35.168548583984375
Incidence of asthma,Standardized incidence ratio (both sexes),2015,1.01,(0.96-1.06),1853,415127,No,Niagara Region Public Health Department,13.298602104187012,10.96702766418457,15.337857246398926,11.988333702087402,38.32593536376953,35.62339401245117
Incidence of asthma,Standardized incidence ratio (both sexes),2016,1.01,(0.97-1.06),1875,419156,No,Niagara Region Public Health Department,11.158188819885254,9.214241981506348,14.95802402496338,11.71067714691162,38.539791107177734,35.843387603759766
Incidence of asthma,Standardized incidence ratio (both sexes),2017,1,(0.96-1.05),1879,422512,No,Niagara Region Public Health Department,11.322769165039064,9.296034812927246,14.342345237731934,11.29778003692627,37.790287017822266,35.16387939453125
Incidence of asthma,Standardized incidence ratio (both sexes),2018,0.95,(0.9-1.00),1684,426352,Lower,Niagara Region Public Health Department,11.891868591308594,9.80091953277588,14.172911643981934,11.09857940673828,37.864871978759766,35.363372802734375
Incidence of asthma,Standardized incidence ratio (both sexes),2019,0.94,(0.89-0.99),1547,430472,Lower,Niagara Region Public Health Department,11.696452140808104,9.526137351989746,14.35304355621338,11.290763854980469,36.722618103027344,34.32400894165039
Incidence of asthma,Standardized incidence ratio (both sexes),2020,0.96,(0.91-1.01),1265,431919,No,Niagara Region Public Health Department,10.947549819946287,8.985920906066895,12.393284797668455,9.642988204956056,36.70988464355469,34.318809509277344
Incidence of asthma,Standardized incidence ratio (both sexes),2021,0.91,(0.86-0.96),1279,442717,Lower,Niagara Region Public Health Department,12.27735424041748,10.038335800170898,12.82290744781494,10.068276405334473,37.930076599121094,35.4486198425293
Incidence of asthma,Standardized incidence ratio (both sexes),2022,0.78,(0.74-0.82),1301,451548,Lower,Niagara Region Public Health Department,10.340703010559082,8.727724075317383,13.322827339172363,10.35175895690918,37.480953216552734,35.02108383178711
Incidence of asthma,Standardized incidence ratio (both sexes),2013,0.61,(0.55-0.68),342,120302,Lower,North Bay Parry Sound District Health Unit,12.163965225219728,10.051518440246582,14.297995567321776,11.14396858215332,37.52540588378906,35.157466888427734
Incidence of asthma,Standardized incidence ratio (both sexes),2014,0.63,(0.56-0.7),345,119362,Lower,North Bay Parry Sound District Health Unit,12.526103973388672,10.256616592407228,14.71554946899414,11.386703491210938,37.14689254760742,34.720523834228516
Incidence of asthma,Standardized incidence ratio (both sexes),2015,0.57,(0.51-0.64),298,118828,Lower,North Bay Parry Sound District Health Unit,12.331148147583008,10.130654335021973,14.437505722045898,11.14368724822998,37.64407730102539,35.14824295043945
Incidence of asthma,Standardized incidence ratio (both sexes),2016,0.74,(0.67-0.82),384,119232,Lower,North Bay Parry Sound District Health Unit,10.424702644348145,8.55264663696289,13.969290733337402,10.796232223510742,37.49588394165039,35.045677185058594
Incidence of asthma,Standardized incidence ratio (both sexes),2017,0.79,(0.71-0.87),413,119654,Lower,North Bay Parry Sound District Health Unit,10.503369331359863,8.590275764465332,13.505329132080078,10.5048189163208,37.07692337036133,34.676761627197266
Incidence of asthma,Standardized incidence ratio (both sexes),2018,0.74,(0.67-0.82),365,119847,Lower,North Bay Parry Sound District Health Unit,11.212364196777344,9.164715766906738,13.49259090423584,10.443838119506836,37.42327499389648,35.1107292175293
Incidence of asthma,Standardized incidence ratio (both sexes),2019,0.67,(0.6-0.75),307,120419,Lower,North Bay Parry Sound District Health Unit,10.884541511535645,8.79112434387207,13.57431411743164,10.53544807434082,36.29691696166992,34.09663009643555
Incidence of asthma,Standardized incidence ratio (both sexes),2020,0.83,(0.74-0.92),301,120116,Lower,North Bay Parry Sound District Health Unit,10.252872467041016,8.376178741455078,11.852492332458496,9.086122512817385,36.05585479736328,33.84815216064453
Incidence of asthma,Standardized incidence ratio (both sexes),2021,0.72,(0.64-0.82),274,122033,Lower,North Bay Parry Sound District Health Unit,11.54709815979004,9.411206245422363,12.074783325195313,9.36214828491211,37.20870590209961,34.889347076416016
Incidence of asthma,Standardized incidence ratio (both sexes),2022,0.65,(0.58-0.74),287,123768,Lower,North Bay Parry Sound District Health Unit,9.805269241333008,8.241462707519531,12.633583068847656,9.694271087646484,36.84404373168945,34.57105255126953
Incidence of asthma,Standardized incidence ratio (both sexes),2013,0.42,(0.36-0.48),181,84363,Lower,Northwestern Health Unit,12.02879238128662,9.966197967529297,14.256632804870604,11.04031753540039,37.301414489746094,35.161781311035156
Incidence of asthma,Standardized incidence ratio (both sexes),2014,0.48,(0.42-0.55),207,84139,Lower,Northwestern Health Unit,12.73592758178711,10.381987571716309,14.835620880126951,11.445950508117676,36.5619010925293,34.41425704956055
Incidence of asthma,Standardized incidence ratio (both sexes),2015,0.58,(0.51-0.66),233,83692,Lower,Northwestern Health Unit,12.322341918945313,10.124065399169922,14.350522994995115,11.045875549316406,36.88688278198242,34.633567810058594
Incidence of asthma,Standardized incidence ratio (both sexes),2016,0.43,(0.37-0.5),174,84109,Lower,Northwestern Health Unit,10.280243873596191,8.442252159118652,13.566085815429688,10.453192710876465,36.393577575683594,34.19963073730469
Incidence of asthma,Standardized incidence ratio (both sexes),2017,0.4,(0.34-0.47),162,84559,Lower,Northwestern Health Unit,10.40666961669922,8.499510765075684,13.200067520141602,10.242420196533203,36.53837966918945,34.400413513183594
Incidence of asthma,Standardized incidence ratio (both sexes),2018,0.41,(0.35-0.48),156,85057,Lower,Northwestern Health Unit,11.235736846923828,9.169535636901855,13.403757095336914,10.345226287841797,37.08296203613281,35.0234260559082
Incidence of asthma,Standardized incidence ratio (both sexes),2019,0.42,(0.35-0.49),145,85543,Lower,Northwestern Health Unit,10.838862419128418,8.724416732788086,13.38541316986084,10.338367462158203,35.981658935546875,34.02719497680664
Incidence of asthma,Standardized incidence ratio (both sexes),2020,0.33,(0.27-0.41),87,83333,Lower,Northwestern Health Unit,10.204681396484377,8.319601058959961,11.801130294799805,8.984216690063477,35.289283752441406,33.33226776123047
Incidence of asthma,Standardized incidence ratio (both sexes),2021,0.39,(0.32-0.47),107,83843,Lower,Northwestern Health Unit,11.658841133117676,9.5056915283203125,12.032609939575195,9.28028964996338,36.96255874633789,34.83823013305664
Incidence of asthma,Standardized incidence ratio (both sexes),2022,0.37,(0.31-0.44),126,84074,Lower,Northwestern Health Unit,9.63208293914795,8.10688591003418,12.558727264404297,9.574742317199709,36.3323860168457,34.31745147705078
Incidence of asthma,Standardized incidence ratio (both sexes),2013,1.09,(1.06-1.12),4637,874167,Higher,Ottawa Public Health,12.185114860534668,10.100013732910156,14.266335487365724,11.13215160369873,37.31284713745117,34.935264587402344
Incidence of asthma,Standardized incidence ratio (both sexes),2014,1.09,(1.06-1.13),4637,880229,Higher,Ottawa Public Health,12.429012298583984,10.21353530883789,14.569207191467283,11.253318786621094,37.0851936340332,34.62081527709961
Incidence of asthma,Standardized incidence ratio (both sexes),2015,1.04,(1.01-1.07),4189,888043,Higher,Ottawa Public Health,12.267987251281738,10.103104591369627,14.386475563049316,11.095410346984863,37.61883163452149,35.10427474975586
Incidence of asthma,Standardized incidence ratio (both sexes),2016,1.04,(1.01-1.07),4243,904546,Higher,Ottawa Public Health,10.443181037902832,8.58737850189209,14.040904998779297,10.839523315429688,37.558555603027344,35.06401443481445
Incidence of asthma,Standardized incidence ratio (both sexes),2017,1,(0.97-1.04),4184,920775,No,Ottawa Public Health,10.526409149169922,8.630731582641602,13.459847450256348,10.445560455322266,37.06835174560547,34.61878204345703
Incidence of asthma,Standardized incidence ratio (both sexes),2018,1.01,(0.97-1.04),3986,939597,No,Ottawa Public Health,11.128756523132324,9.13576316833496,13.460415840148926,10.422208786010742,37.3820686340332,35.03343200683594
Incidence of asthma,Standardized incidence ratio (both sexes),2019,0.99,(0.95-1.02),3651,960720,No,Ottawa Public Health,10.924504280090332,8.851912498474121,13.498602867126465,10.482217788696287,36.28083038330078,34.04238510131836
Incidence of asthma,Standardized incidence ratio (both sexes),2020,1.17,(1.13-1.21),3408,954458,Higher,Ottawa Public Health,10.33818817138672,8.464692115783691,11.808039665222168,9.061895370483398,36.13240432739258,33.88167953491211
Incidence of asthma,Standardized incidence ratio (both sexes),2021,1.01,(0.97-1.04),3099,974139,No,Ottawa Public Health,11.545756340026855,9.422137260437012,12.070298194885254,9.36523723602295,37.21051788330078,34.855690002441406
Incidence of asthma,Standardized incidence ratio (both sexes),2022,0.99,(0.96-1.02),3729,1003934,No,Ottawa Public Health,9.856881141662598,8.305407524108887,12.648743629455566,9.71082878112793,36.81507110595703,34.4976806640625
Incidence of asthma,Standardized incidence ratio (both sexes),2013,1.27,(1.24-1.3),8488,1336361,Higher,Peel Public Health,13.07766819000244,10.833919525146484,15.374107360839844,12.119282722473145,37.97005462646485,35.39823913574219
Incidence of asthma,Standardized incidence ratio (both sexes),2014,1.28,(1.25-1.31),8506,1345101,Higher,Peel Public Health,13.48964500427246,11.069514274597168,15.814882278442385,12.381712913513184,37.72005844116211,35.080711364746094
Incidence of asthma,Standardized incidence ratio (both sexes),2015,1.19,(1.16-1.22),7500,1355922,Higher,Peel Public Health,13.247443199157717,10.920286178588867,15.426278114318848,12.053314208984377,38.2235221862793,35.53053283691406
Incidence of asthma,Standardized incidence ratio (both sexes),2016,1.19,(1.17-1.22),7606,1378021,Higher,Peel Public Health,11.113157272338867,9.1763153076171875,15.070581436157228,11.807741165161133,38.380516052246094,35.70082092285156
Incidence of asthma,Standardized incidence ratio (both sexes),2017,1.22,(1.19-1.25),7836,1394281,Higher,Peel Public Health,11.287524223327637,9.26400375366211,14.4819974899292,11.414347648620604,37.683292388916016,35.06707763671875
Incidence of asthma,Standardized incidence ratio (both sexes),2018,1.2,(1.17-1.22),7303,1419565,Higher,Peel Public Health,11.870475769042969,9.776214599609377,14.32880687713623,11.223867416381836,37.80488586425781,35.31018829345703
Incidence of asthma,Standardized incidence ratio (both sexes),2019,1.15,(1.13-1.18),6539,1446353,Higher,Peel Public Health,11.646549224853516,9.481651306152344,14.500481605529783,11.409918785095217,36.62007141113281,34.231201171875
Incidence of asthma,Standardized incidence ratio (both sexes),2020,1.1,(1.07-1.13),4854,1441587,Higher,Peel Public Health,10.91192626953125,8.953121185302734,12.533964157104492,9.750481605529783,36.60186767578125,34.215240478515625
Incidence of asthma,Standardized incidence ratio (both sexes),2021,1.16,(1.13-1.19),5384,1458082,Higher,Peel Public Health,12.257481575012209,10.017053604125977,12.954689979553224,10.170498847961426,37.81843185424805,35.3437385559082
Incidence of asthma,Standardized incidence ratio (both sexes),2022,1.32,(1.29-1.35),7487,1496872,Higher,Peel Public Health,10.32718563079834,8.710931777954102,13.486930847167969,10.479381561279297,37.35359191894531,34.90383529663086
Incidence of asthma,Standardized incidence ratio (both sexes),2013,0.92,(0.85-1.00),549,124580,No,Peterborough Public Health,12.630663871765137,10.459452629089355,14.76710033416748,11.583551406860352,37.69180679321289,35.211185455322266
Incidence of asthma,Standardized incidence ratio (both sexes),2014,1,(0.92-1.09),588,123544,No,Peterborough Public Health,12.94608211517334,10.627962112426758,15.190740585327148,11.814423561096191,37.47957611083984,34.92412185668945
Incidence of asthma,Standardized incidence ratio (both sexes),2015,0.97,(0.89-1.05),544,123919,No,Peterborough Public Health,12.743016242980955,10.493746757507324,14.91307258605957,11.579901695251465,37.98190689086914,35.3703727722168
Incidence of asthma,Standardized incidence ratio (both sexes),2016,1,(0.92-1.08),564,125545,No,Peterborough Public Health,10.76749038696289,8.864860534667969,14.565990447998049,11.331645965576172,38.07422637939453,35.476768493652344
Incidence of asthma,Standardized incidence ratio (both sexes),2017,0.97,(0.89-1.06),559,126920,No,Peterborough Public Health,10.908628463745115,8.940032958984375,13.98476219177246,10.94208526611328,37.459686279296875,34.922630310058594
Incidence of asthma,Standardized incidence ratio (both sexes),2018,1.07,(0.99-1.17),580,127464,No,Peterborough Public Health,11.513972282409668,9.45887279510498,13.832768440246582,10.771763801574709,37.64322662353515,35.21947479248047
Incidence of asthma,Standardized incidence ratio (both sexes),2019,1.06,(0.97-1.16),532,128605,No,Peterborough Public Health,11.277239799499512,9.1522979736328125,13.920394897460938,10.882370948791504,36.4688720703125,34.154212951660156
Incidence of asthma,Standardized incidence ratio (both sexes),2020,1,(0.9-1.11),395,128590,No,Peterborough Public Health,10.635470390319824,8.702943801879883,12.122822761535645,9.365548133850098,36.42926788330078,34.104270935058594
Incidence of asthma,Standardized incidence ratio (both sexes),2021,0.91,(0.82-1.00),379,131212,No,Peterborough Public Health,11.888101577758787,9.699071884155272,12.455792427062988,9.721909523010254,37.561519622802734,35.14282989501953
Incidence of asthma,Standardized incidence ratio (both sexes),2022,0.78,(0.7-0.86),384,132271,Lower,Peterborough Public Health,10.111282348632813,8.506678581237793,13.032671928405762,10.065468788146973,37.09995651245117,34.710365295410156
Incidence of asthma,Standardized incidence ratio (both sexes),2013,0.75,(0.67-0.84),311,83546,Lower,Porcupine Health Unit,11.908472061157228,9.842512130737305,14.085641860961914,10.921998977661133,37.23357009887695,35.000518798828125
Incidence of asthma,Standardized incidence ratio (both sexes),2014,0.68,(0.61-0.77),280,82893,Lower,Porcupine Health Unit,12.383119583129885,10.114057540893556,14.535855293273926,11.200597763061523,36.6974983215332,34.42438888549805
Incidence of asthma,Standardized incidence ratio (both sexes),2015,0.7,(0.62-0.79),268,81984,Lower,Porcupine Health Unit,12.134896278381348,9.957225799560549,14.218169212341309,10.92811393737793,37.124656677246094,34.77626037597656
Incidence of asthma,Standardized incidence ratio (both sexes),2016,0.58,(0.51-0.66),222,81539,Lower,Porcupine Health Unit,10.22738265991211,8.3800048828125,13.627445220947266,10.486870765686035,36.79131317138672,34.4957160949707
Incidence of asthma,Standardized incidence ratio (both sexes),2017,0.6,(0.52-0.68),226,80907,Lower,Porcupine Health Unit,10.302626609802246,8.413792610168457,13.228565216064451,10.245336532592772,36.605201721191406,34.35926055908203
Incidence of asthma,Standardized incidence ratio (both sexes),2018,0.64,(0.56-0.73),224,80516,Lower,Porcupine Health Unit,11.073461532592772,9.0280609130859375,13.330166816711426,10.278264045715332,37.09073638916016,34.919151306152344
Incidence of asthma,Standardized incidence ratio (both sexes),2019,0.6,(0.51-0.69),189,79936,Lower,Porcupine Health Unit,10.702945709228516,8.617206573486328,13.363826751708984,10.321053504943848,35.99030685424805,33.930294036865234
Incidence of asthma,Standardized incidence ratio (both sexes),2020,0.55,(0.46-0.65),134,78928,Lower,Porcupine Health Unit,10.085829734802246,8.224815368652344,11.73421573638916,8.943543434143066,35.530548095703125,33.458343505859375
Incidence of asthma,Standardized incidence ratio (both sexes),2021,0.57,(0.48-0.67),145,79335,Lower,Porcupine Health Unit,11.4292631149292,9.311430931091309,11.913652420043944,9.192876815795898,36.81401062011719,34.60673141479492
Incidence of asthma,Standardized incidence ratio (both sexes),2022,0.5,(0.43-0.59),154,79800,Lower,Porcupine Health Unit,9.633756637573242,8.090399742126465,12.480642318725586,9.528385162353516,36.37647247314453,34.24613571166992
Incidence of asthma,Standardized incidence ratio (both sexes),2013,0.94,(0.86-1.04),443,94366,No,Renfrew County and District Health Unit,12.153061866760254,10.063671112060549,14.305464744567873,11.161967277526855,37.37393569946289,34.998924255371094
Incidence of asthma,Standardized incidence ratio (both sexes),2014,0.99,(0.91-1.09),465,94247,No,Renfrew County and District Health Unit,12.426809310913086,10.200498580932615,14.657341957092283,11.329874992370604,37.101444244384766,34.64878463745117
Incidence of asthma,Standardized incidence ratio (both sexes),2015,0.98,(0.89-1.08),438,94119,No,Renfrew County and District Health Unit,12.253442764282228,10.084978103637695,14.448166847229004,11.149056434631348,37.61915969848633,35.11066818237305
Incidence of asthma,Standardized incidence ratio (both sexes),2016,0.82,(0.74-0.9),365,94514,Lower,Renfrew County and District Health Unit,10.417351722717283,8.55907154083252,14.073671340942385,10.873250961303713,37.541954040527344,35.05982971191406
Incidence of asthma,Standardized incidence ratio (both sexes),2017,0.92,(0.84-1.02),416,95141,No,Renfrew County and District Health Unit,10.501646995544434,8.601896286010742,13.523683547973633,10.50651741027832,37.06494140625,34.63054656982422
Incidence of asthma,Standardized incidence ratio (both sexes),2018,0.94,(0.85-1.04),399,95872,No,Renfrew County and District Health Unit,11.122318267822266,9.118460655212402,13.498540878295898,10.453523635864258,37.386962890625,35.05061721801758
Incidence of asthma,Standardized incidence ratio (both sexes),2019,0.81,(0.72-0.9),314,96343,Lower,Renfrew County and District Health Unit,10.880475997924805,8.808232307434082,13.550524711608888,10.524946212768556,36.2744255065918,34.04853439331055
Incidence of asthma,Standardized incidence ratio (both sexes),2020,0.85,(0.75-0.96),254,95797,Lower,Renfrew County and District Health Unit,10.293261528015137,8.420268058776855,11.846911430358888,9.091702461242676,36.120155334472656,33.87986373901367
Incidence of asthma,Standardized incidence ratio (both sexes),2021,0.68,(0.59-0.78),218,97663,Lower,Renfrew County and District Health Unit,11.511622428894045,9.39013957977295,12.09939956665039,9.388958930969238,37.20413589477539,34.859073638916016
Incidence of asthma,Standardized incidence ratio (both sexes),2022,0.71,(0.63-0.8),278,99462,Lower,Renfrew County and District Health Unit,9.844587326049805,8.2890167236328125,12.681585311889648,9.73720359802246,36.80743789672851,34.50572967529297
Incidence of asthma,Standardized incidence ratio (both sexes),2013,0.97,(0.91-1.04),888,187599,No,Eastern Ontario Health Unit,12.20059299468994,10.114959716796877,14.249396324157717,11.12133502960205,37.311466217041016,34.93333435058594
Incidence of asthma,Standardized incidence ratio (both sexes),2014,0.92,(0.86-0.99),834,187148,Lower,Eastern Ontario Health Unit,12.441848754882813,10.224921226501465,14.547513008117676,11.235814094543455,37.09573745727539,34.629425048828125
Incidence of asthma,Standardized incidence ratio (both sexes),2015,0.98,(0.92-1.05),845,186856,No,Eastern Ontario Health Unit,12.28684425354004,10.117338180541992,14.368378639221191,11.080284118652344,37.632179260253906,35.115753173828125
Incidence of asthma,Standardized incidence ratio (both sexes),2016,0.88,(0.82-0.94),757,187486,Lower,Eastern Ontario Health Unit,10.46568489074707,8.607176780700684,14.034550666809082,10.833465576171877,37.58186721801758,35.08314514160156
Incidence of asthma,Standardized incidence ratio (both sexes),2017,0.96,(0.9-1.03),839,188522,No,Eastern Ontario Health Unit,10.544264793395996,8.64651107788086,13.437679290771484,10.426956176757813,37.08467102050781,34.63075637817383
Incidence of asthma,Standardized incidence ratio (both sexes),2018,1.02,(0.95-1.09),845,190322,No,Eastern Ontario Health Unit,11.142098426818848,9.14837646484375,13.440003395080566,10.403912544250488,37.38462448120117,35.033897399902344
Incidence of asthma,Standardized incidence ratio (both sexes),2019,0.98,(0.91-1.05),754,192784,No,Eastern Ontario Health Unit,10.942877769470217,8.866979598999023,13.477699279785156,10.463279724121094,36.28710174560547,34.0460205078125
Incidence of asthma,Standardized incidence ratio (both sexes),2020,1.04,(0.96-1.12),622,193288,No,Eastern Ontario Health Unit,10.34988021850586,8.477112770080566,11.793522834777832,9.048419952392578,36.13957214355469,33.886837005615234
Incidence of asthma,Standardized incidence ratio (both sexes),2021,0.99,(0.91-1.07),634,197018,No,Eastern Ontario Health Unit,11.563979148864746,9.4371919631958,12.061317443847656,9.356148719787598,37.215919494628906,34.85966873168945
Incidence of asthma,Standardized incidence ratio (both sexes),2022,0.78,(0.72-0.84),612,200672,Lower,Eastern Ontario Health Unit,9.86931037902832,8.316768646240234,12.637216567993164,9.69980239868164,36.8206787109375,34.499107360839844
Incidence of asthma,Standardized incidence ratio (both sexes),2013,0.93,(0.89-0.97),2164,486313,Lower,Simcoe Muskoka District Health Unit,12.713232040405272,10.517998695373535,14.86863899230957,11.669392585754396,37.81863784790039,35.32789993286133
Incidence of asthma,Standardized incidence ratio (both sexes),2014,0.85,(0.81-0.89),1993,490675,Lower,Simcoe Muskoka District Health Unit,13.09115505218506,10.73257541656494,15.32051944732666,11.938006401062012,37.53593826293945,34.98092269897461
Incidence of asthma,Standardized incidence ratio (both sexes),2015,0.85,(0.81-0.89),1910,495796,Lower,Simcoe Muskoka District Health Unit,12.868534088134766,10.593013763427734,14.974709510803224,11.64335823059082,38.03604888916016,35.41992950439453
Incidence of asthma,Standardized incidence ratio (both sexes),2016,0.79,(0.75-0.82),1799,505562,Lower,Simcoe Muskoka District Health Unit,10.832765579223633,8.92008113861084,14.592933654785156,11.373062133789064,38.08633041381836,35.495758056640625
Incidence of asthma,Standardized incidence ratio (both sexes),2017,0.81,(0.77-0.84),1882,514225,Lower,Simcoe Muskoka District Health Unit,10.97485637664795,8.993550300598145,14.064648628234863,11.029870986938477,37.4970588684082,34.96476364135742
Incidence of asthma,Standardized incidence ratio (both sexes),2018,0.79,(0.75-0.83),1768,522620,Lower,Simcoe Muskoka District Health Unit,11.60057544708252,9.527003288269045,13.943143844604492,10.868559837341309,37.71586608886719,35.28828048706055
Incidence of asthma,Standardized incidence ratio (both sexes),2019,0.78,(0.74-0.81),1632,535582,Lower,Simcoe Muskoka District Health Unit,11.34144115447998,9.204301834106444,14.051973342895508,10.997817993164064,36.52446365356445,34.20973587036133
Incidence of asthma,Standardized incidence ratio (both sexes),2020,0.77,(0.73-0.81),1284,542321,Lower,Simcoe Muskoka District Health Unit,10.649792671203612,8.721040725708008,12.206864356994627,9.440315246582031,36.43064498901367,34.112972259521484
Incidence of asthma,Standardized incidence ratio (both sexes),2021,0.81,(0.76-0.85),1448,557432,Lower,Simcoe Muskoka District Health Unit,11.958049774169922,9.758298873901367,12.547012329101564,9.80019187927246,37.61638641357422,35.2035026550293
Incidence of asthma,Standardized incidence ratio (both sexes),2022,0.88,(0.84-0.92),1925,567240,Lower,Simcoe Muskoka District Health Unit,10.115081787109377,8.5156888961792,13.09413242340088,10.12426471710205,37.180885314941406,34.79781723022461
Incidence of asthma,Standardized incidence ratio (both sexes),2013,1,(0.93-1.06),874,182771,No,Sudbury and District Health Unit,12.142327308654783,10.033011436462402,14.234976768493652,11.083648681640623,37.562618255615234,35.2202033996582
Incidence of asthma,Standardized incidence ratio (both sexes),2014,0.94,(0.87-1.00),811,181846,No,Sudbury and District Health Unit,12.597301483154297,10.298683166503906,14.690722465515137,11.367100715637209,37.11625671386719,34.725006103515625
Incidence of asthma,Standardized incidence ratio (both sexes),2015,0.8,(0.74-0.87),654,180744,Lower,Sudbury and District Health Unit,12.37598991394043,10.15739631652832,14.36228370666504,11.082085609436035,37.57072448730469,35.10767364501953
Incidence of asthma,Standardized incidence ratio (both sexes),2016,0.72,(0.66-0.78),587,180015,Lower,Sudbury and District Health Unit,10.4230318069458,8.546679496765137,13.821505546569824,10.67746925354004,37.38303756713867,34.970096588134766
Incidence of asthma,Standardized incidence ratio (both sexes),2017,0.75,(0.69-0.81),611,179769,Lower,Sudbury and District Health Unit,10.489705085754396,8.573945045471191,13.418380737304688,10.436407089233398,37.026390075683594,34.66563415527344
Incidence of asthma,Standardized incidence ratio (both sexes),2018,0.78,(0.72-0.85),600,180269,Lower,Sudbury and District Health Unit,11.231595039367676,9.171710968017578,13.439183235168455,10.395624160766602,37.41794967651367,35.1381950378418
Incidence of asthma,Standardized incidence ratio (both sexes),2019,0.8,(0.74-0.87),565,180622,Lower,Sudbury and District Health Unit,10.891404151916504,8.785104751586914,13.526105880737305,10.486515045166016,36.287818908691406,34.121952056884766
Incidence of asthma,Standardized incidence ratio (both sexes),2020,0.86,(0.78-0.94),473,179668,Lower,Sudbury and District Health Unit,10.228145599365234,8.352112770080566,11.819193840026855,9.048417091369627,35.9384765625,33.76909637451172
Incidence of asthma,Standardized incidence ratio (both sexes),2021,0.75,(0.68-0.83),432,181444,Lower,Sudbury and District Health Unit,11.569524765014648,9.430848121643066,12.022436141967772,9.311646461486816,37.15614318847656,34.871158599853516
Incidence of asthma,Standardized incidence ratio (both sexes),2022,0.9,(0.83-0.97),607,182928,Lower,Sudbury and District Health Unit,9.785401344299316,8.217352867126465,12.560397148132324,9.628861427307127,36.81895446777344,34.585792541503906
Incidence of asthma,Standardized incidence ratio (both sexes),2013,0.72,(0.66-0.78),512,149184,Lower,Thunder Bay District Health Unit,12.017617225646973,9.953603744506836,14.240094184875488,11.026166915893556,37.360633850097656,35.163570404052734
Incidence of asthma,Standardized incidence ratio (both sexes),2014,0.8,(0.73-0.87),559,147731,Lower,Thunder Bay District Health Unit,12.71249771118164,10.361371994018556,14.814614295959473,11.42689037322998,36.64548873901367,34.431434631347656
Incidence of asthma,Standardized incidence ratio (both sexes),2015,0.85,(0.78-0.92),564,146786,Lower,Thunder Bay District Health Unit,12.308794975280762,10.110620498657228,14.339409828186035,11.034335136413574,37.00444030761719,34.7014274597168
Incidence of asthma,Standardized incidence ratio (both sexes),2016,0.74,(0.67-0.8),484,146397,Lower,Thunder Bay District Health Unit,10.269109725952148,8.431669235229492,13.566075325012209,10.45236587524414,36.59364700317383,34.34311294555664
Incidence of asthma,Standardized incidence ratio (both sexes),2017,0.67,(0.61-0.74),442,146309,Lower,Thunder Bay District Health Unit,10.398037910461426,8.49082088470459,13.205085754394531,10.24485969543457,36.58864212036133,34.39568328857422
Incidence of asthma,Standardized incidence ratio (both sexes),2018,0.62,(0.56-0.69),386,146212,Lower,Thunder Bay District Health Unit,11.227086067199709,9.160272598266602,13.405390739440918,10.34494400024414,37.09819412231445,34.98219680786133
Incidence of asthma,Standardized incidence ratio (both sexes),2019,0.71,(0.64-0.78),402,146168,Lower,Thunder Bay District Health Unit,10.826017379760742,8.712577819824219,13.386911392211914,10.33881378173828,36.006629943847656,33.997318267822266
Incidence of asthma,Standardized incidence ratio (both sexes),2020,0.64,(0.56-0.72),280,143290,Lower,Thunder Bay District Health Unit,10.193614959716797,8.30850601196289,11.802470207214355,8.984729766845703,35.36558532714844,33.35530471801758
Incidence of asthma,Standardized incidence ratio (both sexes),2021,0.67,(0.6-0.75),307,144177,Lower,Thunder Bay District Health Unit,11.6419038772583,9.4903564453125,12.03007984161377,9.277612686157228,36.98712539672851,34.8183708190918
Incidence of asthma,Standardized incidence ratio (both sexes),2022,0.57,(0.51-0.64),309,144663,Lower,Thunder Bay District Health Unit,9.6223602294921875,8.095988273620605,12.566238403320313,9.580195426940918,36.425350189208984,34.3550910949707
Incidence of asthma,Standardized incidence ratio (both sexes),2013,0.55,(0.44-0.68),84,32691,Lower,Timiskaming Health Unit,11.957120895385742,9.880878448486328,14.13155746459961,10.97752857208252,37.31575393676758,35.026458740234375
Incidence of asthma,Standardized incidence ratio (both sexes),2014,0.48,(0.38-0.61),73,32484,Lower,Timiskaming Health Unit,12.356698036193848,10.106128692626951,14.54550552368164,11.219720840454102,36.86045837402344,34.52018356323242
Incidence of asthma,Standardized incidence ratio (both sexes),2015,0.56,(0.45-0.7),80,31958,Lower,Timiskaming Health Unit,12.150739669799805,9.974092483520508,14.27147102355957,10.980706214904783,37.32695007324219,34.915523529052734
Incidence of asthma,Standardized incidence ratio (both sexes),2016,0.49,(0.38-0.62),69,31703,Lower,Timiskaming Health Unit,10.273259162902832,8.418672561645508,13.750974655151367,10.59204387664795,37.07048034667969,34.709163665771484
Incidence of asthma,Standardized incidence ratio (both sexes),2017,0.52,(0.41-0.65),74,31751,Lower,Timiskaming Health Unit,10.338297843933104,8.447920799255371,13.316718101501465,10.322269439697266,36.77505874633789,34.461448669433594
Incidence of asthma,Standardized incidence ratio (both sexes),2018,0.49,(0.38-0.62),66,31656,Lower,Timiskaming Health Unit,11.077543258666992,9.038810729980469,13.370235443115234,10.319753646850586,37.20681381225586,34.97319412231445
Incidence of asthma,Standardized incidence ratio (both sexes),2019,0.51,(0.39-0.65),64,31849,Lower,Timiskaming Health Unit,10.729218482971191,8.64837646484375,13.425664901733398,10.383889198303224,36.101287841796875,33.97969055175781
Incidence of asthma,Standardized incidence ratio (both sexes),2020,0.59,(0.45-0.76),58,31719,Lower,Timiskaming Health Unit,10.11595630645752,8.255724906921387,11.764554023742676,8.983698844909668,35.7486686706543,33.615264892578125
Incidence of asthma,Standardized incidence ratio (both sexes),2021,0.66,(0.51-0.83),69,32364,Lower,Timiskaming Health Unit,11.421822547912598,9.306733131408691,11.945338249206545,9.231282234191896,36.9322395324707,34.6757926940918
Incidence of asthma,Standardized incidence ratio (both sexes),2022,0.51,(0.39-0.65),63,32575,Lower,Timiskaming Health Unit,9.686501502990724,8.136775016784668,12.518036842346191,9.572916030883787,36.553714752197266,34.35919952392578
Incidence of asthma,Standardized incidence ratio (both sexes),2013,0.66,(0.62-0.69),1625,502005,Lower,"Region of Waterloo, Public Health",13.124770164489746,10.881063461303713,15.080686569213867,11.886982917785645,38.19400405883789,35.62799835205078
Incidence of asthma,Standardized incidence ratio (both sexes),2014,0.66,(0.63-0.69),1620,501375,Lower,"Region of Waterloo, Public Health",13.576578140258787,11.1264066696167,15.530702590942385,12.16967487335205,37.92525100708008,35.29209899902344
Incidence of asthma,Standardized incidence ratio (both sexes),2015,0.68,(0.64-0.71),1581,504611,Lower,"Region of Waterloo, Public Health",13.329379081726074,10.98711395263672,15.082244873046877,11.78617000579834,38.424320220947266,35.73603057861328
Incidence of asthma,Standardized incidence ratio (both sexes),2016,0.67,(0.64-0.7),1586,513209,Lower,"Region of Waterloo, Public Health",11.152771949768066,9.210368156433104,14.621102333068848,11.446637153625488,38.59136199951172,35.922122955322266
Incidence of asthma,Standardized incidence ratio (both sexes),2017,0.65,(0.62-0.69),1579,522232,Lower,"Region of Waterloo, Public Health",11.28908920288086,9.26959228515625,14.081684112548828,11.098126411437988,37.88298797607422,35.28415298461914
Incidence of asthma,Standardized incidence ratio (both sexes),2018,0.69,(0.65-0.72),1588,532802,Lower,"Region of Waterloo, Public Health",11.890878677368164,9.79863739013672,13.969253540039064,10.936725616455078,37.98019027709961,35.49418640136719
Incidence of asthma,Standardized incidence ratio (both sexes),2019,0.76,(0.72-0.79),1624,544097,Lower,"Region of Waterloo, Public Health",11.699288368225098,9.521085739135742,14.16539478302002,11.1328763961792,36.84544372558594,34.46298599243164
Incidence of asthma,Standardized incidence ratio (both sexes),2020,0.76,(0.72-0.81),1290,548610,Lower,"Region of Waterloo, Public Health",10.907730102539064,8.95809268951416,12.203314781188965,9.48713493347168,36.714012145996094,34.352848052978516
Incidence of asthma,Standardized incidence ratio (both sexes),2021,0.82,(0.78-0.86),1486,563850,Lower,"Region of Waterloo, Public Health",12.300371170043944,10.058755874633787,12.624247550964355,9.904662132263184,38.03263092041016,35.57725524902344
Incidence of asthma,Standardized incidence ratio (both sexes),2022,0.78,(0.75-0.82),1755,578294,Lower,"Region of Waterloo, Public Health",10.325748443603516,8.724065780639648,13.073256492614746,10.154122352600098,37.64617156982422,35.21327590942383
Incidence of asthma,Standardized incidence ratio (both sexes),2013,0.71,(0.66-0.75),917,264137,Lower,Wellington-Dufferin-Guelph Health Unit,13.051743507385254,10.814285278320313,15.11190700531006,11.903727531433104,38.090843200683594,35.53544616699219
Incidence of asthma,Standardized incidence ratio (both sexes),2014,0.69,(0.64-0.73),886,264374,Lower,Wellington-Dufferin-Guelph Health Unit,13.488899230957031,11.057031631469728,15.564459800720217,12.18362045288086,37.817752838134766,35.19644546508789
Incidence of asthma,Standardized incidence ratio (both sexes),2015,0.66,(0.61-0.7),813,267500,Lower,Wellington-Dufferin-Guelph Health Unit,13.244834899902344,10.914966583251951,15.14348030090332,11.824469566345217,38.31737518310547,35.639862060546875
Incidence of asthma,Standardized incidence ratio (both sexes),2016,0.76,(0.71-0.81),953,272245,Lower,Wellington-Dufferin-Guelph Health Unit,11.093937873840332,9.157983779907228,14.716431617736816,11.51674747467041,38.46141815185547,35.8034782409668
Incidence of asthma,Standardized incidence ratio (both sexes),2017,0.79,(0.74-0.84),1005,276431,Lower,Wellington-Dufferin-Guelph Health Unit,11.240684509277344,9.22593593597412,14.178815841674805,11.168123245239258,37.779090881347656,35.18741989135742
Incidence of asthma,Standardized incidence ratio (both sexes),2018,0.82,(0.77-0.87),1003,280656,Lower,Wellington-Dufferin-Guelph Health Unit,11.845502853393556,9.754484176635742,14.06065845489502,11.002482414245604,37.905704498291016,35.427001953125
Incidence of asthma,Standardized incidence ratio (both sexes),2019,0.74,(0.69-0.79),838,284838,Lower,Wellington-Dufferin-Guelph Health Unit,11.635171890258787,9.465350151062012,14.238945960998535,11.18660831451416,36.7440185546875,34.371337890625
Incidence of asthma,Standardized incidence ratio (both sexes),2020,0.79,(0.73-0.85),695,285983,Lower,Wellington-Dufferin-Guelph Health Unit,10.869100570678713,8.920685768127441,12.2908296585083,9.548908233642578,36.64078903198242,34.28132629394531
Incidence of asthma,Standardized incidence ratio (both sexes),2021,0.77,(0.71-0.82),726,290954,Lower,Wellington-Dufferin-Guelph Health Unit,12.240656852722168,10.00526237487793,12.700138092041016,9.958778381347656,37.92276382446289,35.47053909301758
Incidence of asthma,Standardized incidence ratio (both sexes),2022,0.83,(0.78-0.89),971,296199,Lower,Wellington-Dufferin-Guelph Health Unit,10.29083251953125,8.686759948730469,13.183426856994627,10.233221054077148,37.5135612487793,35.0855827331543
Incidence of asthma,Standardized incidence ratio (both sexes),2013,0.96,(0.91-1.00),1789,391471,No,Windsor-Essex County Health Unit,13.131237983703612,10.926907539367676,15.00047779083252,11.825519561767578,38.46995162963867,35.899200439453125
Incidence of asthma,Standardized incidence ratio (both sexes),2014,1.06,(1.01-1.1),1957,392067,Higher,Windsor-Essex County Health Unit,13.828146934509276,11.350787162780762,15.565034866333008,12.2197265625,38.19533157348633,35.568973541259766
Incidence of asthma,Standardized incidence ratio (both sexes),2015,1.13,(1.08-1.18),1985,392867,Higher,Windsor-Essex County Health Unit,13.415974617004396,11.07568359375,14.950825691223145,11.710896492004396,38.64408493041992,35.96064376831055
Incidence of asthma,Standardized incidence ratio (both sexes),2016,1.25,(1.2-1.3),2213,397066,Higher,Windsor-Essex County Health Unit,11.225768089294434,9.274630546569824,14.282160758972168,11.173605918884276,38.79869842529297,36.13618087768555
Incidence of asthma,Standardized incidence ratio (both sexes),2017,1.17,(1.12-1.22),2097,401925,Higher,Windsor-Essex County Health Unit,11.295059204101564,9.290108680725098,13.763492584228516,10.858824729919434,38.109806060791016,35.53527069091797
Incidence of asthma,Standardized incidence ratio (both sexes),2018,1.22,(1.17-1.28),2072,406216,Higher,Windsor-Essex County Health Unit,11.93871784210205,9.84694480895996,13.662017822265623,10.696321487426758,38.23508071899414,35.750389099121094
Incidence of asthma,Standardized incidence ratio (both sexes),2019,1.26,(1.21-1.32),1990,411708,Higher,Windsor-Essex County Health Unit,11.779065132141112,9.587657928466797,13.856663703918455,10.875317573547363,37.19549179077149,34.81911087036133
Incidence of asthma,Standardized incidence ratio (both sexes),2020,1.28,(1.22-1.35),1591,407826,Higher,Windsor-Essex County Health Unit,10.947969436645508,9.010881423950195,11.932955741882324,9.264081954956056,36.761043548583984,34.44611740112305
Incidence of asthma,Standardized incidence ratio (both sexes),2021,1.28,(1.22-1.35),1672,414583,Higher,Windsor-Essex County Health Unit,12.433734893798828,10.179969787597656,12.391233444213867,9.714960098266602,38.38383102416992,35.96318054199219
Incidence of asthma,Standardized incidence ratio (both sexes),2022,1.3,(1.24-1.35),2028,423205,Higher,Windsor-Essex County Health Unit,10.412888526916504,8.805672645568848,12.636197090148926,9.808176040649414,38.11907577514648,35.72057342529297
Incidence of asthma,Standardized incidence ratio (both sexes),2013,1.18,(1.15-1.21),6042,1055741,Higher,York Region Public Health,12.95065689086914,10.725184440612791,15.271645545959473,12.02433967590332,37.8691291809082,35.31983184814453
Incidence of asthma,Standardized incidence ratio (both sexes),2014,1.22,(1.19-1.25),6263,1067565,Higher,York Region Public Health,13.338632583618164,10.946319580078123,15.719083786010742,12.287257194519045,37.62430953979492,35.007999420166016
Incidence of asthma,Standardized incidence ratio (both sexes),2015,1.22,(1.19-1.25),5961,1075740,Higher,York Region Public Health,13.104979515075684,10.799308776855469,15.362794876098633,11.98660373687744,38.12784194946289,35.4553337097168
Incidence of asthma,Standardized incidence ratio (both sexes),2016,1.21,(1.18-1.24),5945,1086972,Higher,York Region Public Health,11.01895236968994,9.089520454406738,15.024736404418944,11.754213333129885,38.25996398925781,35.60118103027344
Incidence of asthma,Standardized incidence ratio (both sexes),2017,1.23,(1.2-1.27),6061,1094662,Higher,York Region Public Health,11.190537452697754,9.179495811462402,14.434799194335938,11.359825134277344,37.587989807128906,34.99147033691406
Incidence of asthma,Standardized incidence ratio (both sexes),2018,1.19,(1.16-1.23),5524,1111465,Higher,York Region Public Health,11.77657413482666,9.69040584564209,14.26633071899414,11.160380363464355,37.73727798461914,35.259891510009766
Incidence of asthma,Standardized incidence ratio (both sexes),2019,1.22,(1.19-1.25),5246,1130553,Higher,York Region Public Health,11.534829139709473,9.383469581604004,14.393095016479492,11.311598777770996,36.53355026245117,34.16581726074219
Incidence of asthma,Standardized incidence ratio (both sexes),2020,1.04,(1.00-1.07),3560,1136350,Higher,York Region Public Health,10.835688591003418,8.882650375366211,12.481669425964355,9.694507598876951,36.52946853637695,34.15713882446289
Incidence of asthma,Standardized incidence ratio (both sexes),2021,1.18,(1.15-1.22),4212,1153176,Higher,York Region Public Health,12.152618408203123,9.925076484680176,12.87686824798584,10.095675468444824,37.71627426147461,35.25467300415039
Incidence of asthma,Standardized incidence ratio (both sexes),2022,1.35,(1.31-1.38),5718,1176162,Higher,York Region Public Health,10.266234397888184,8.64995002746582,13.43679141998291,10.427077293395996,37.234619140625,34.79939651489258
Incidence of asthma,Standardized incidence ratio (both sexes),2013,1.15,(1.13-1.17),14781,2687348,Higher,Toronto Public Health,13.02244758605957,10.788566589355469,15.39179229736328,12.130681991577148,37.891448974609375,35.32538986206055
Incidence of asthma,Standardized incidence ratio (both sexes),2014,1.14,(1.12-1.16),14471,2680300,Higher,Toronto Public Health,13.417381286621094,11.014708518981934,15.833361625671388,12.389253616333008,37.652549743652344,35.0186882019043
Incidence of asthma,Standardized incidence ratio (both sexes),2015,1.15,(1.13-1.17),13787,2679854,Higher,Toronto Public Health,13.179862022399902,10.864753723144531,15.469237327575684,12.082914352416992,38.158145904541016,35.469573974609375
Incidence of asthma,Standardized incidence ratio (both sexes),2016,1.17,(1.16-1.19),14047,2704003,Higher,Toronto Public Health,11.076001167297363,9.14184856414795,15.136826515197754,11.854819297790527,38.313079833984375,35.6352653503418
Incidence of asthma,Standardized incidence ratio (both sexes),2017,1.14,(1.12-1.16),13714,2725698,Higher,Toronto Public Health,11.253820419311523,9.234708786010742,14.531949996948242,11.448460578918455,37.617069244384766,35.00284957885742
Incidence of asthma,Standardized incidence ratio (both sexes),2018,1.14,(1.12-1.16),12886,2759356,Higher,Toronto Public Health,11.829896926879885,9.740453720092772,14.357522010803224,11.243490219116213,37.74281692504883,35.25193405151367
Incidence of asthma,Standardized incidence ratio (both sexes),2019,1.12,(1.1-1.14),11788,2795217,Higher,Toronto Public Health,11.59324836730957,9.438337326049805,14.495965957641602,11.406661033630373,36.54353713989258,34.16141891479492
Incidence of asthma,Standardized incidence ratio (both sexes),2020,1.07,(1.05-1.09),8823,2739820,Higher,Toronto Public Health,10.88901138305664,8.930163383483887,12.562861442565918,9.770000457763672,36.55699157714844,34.16981887817383
Incidence of asthma,Standardized incidence ratio (both sexes),2021,1.06,(1.04-1.09),9045,2754589,Higher,Toronto Public Health,12.214323043823242,9.978672981262209,12.97687530517578,10.185811042785645,37.74821472167969,35.27302169799805
Incidence of asthma,Standardized incidence ratio (both sexes),2022,1.1,(1.08-1.12),10938,2814078,Higher,Toronto Public Health,10.31047248840332,8.690618515014648,13.53147792816162,10.511897087097168,37.25975036621094,34.81060791015625
Incidence of asthma,Standardized incidence ratio (both sexes),2013,0.58,(0.53-0.63),545,187491,Lower,Southwestern Public Health,13.166333198547363,10.929492950439451,14.97783088684082,11.812066078186035,38.3719482421875,35.79916000366211
Incidence of asthma,Standardized incidence ratio (both sexes),2014,0.58,(0.53-0.63),541,188089,Lower,Southwestern Public Health,13.700599670410156,11.235466003417969,15.43336009979248,12.11122226715088,38.10761642456055,35.467491149902344
Incidence of asthma,Standardized incidence ratio (both sexes),2015,0.7,(0.64-0.75),619,188714,Lower,Southwestern Public Health,13.388660430908203,11.042866706848145,14.904706954956056,11.660357475280762,38.600955963134766,35.90537643432617
Incidence of asthma,Standardized incidence ratio (both sexes),2016,0.63,(0.58-0.68),564,190685,Lower,Southwestern Public Health,11.19717788696289,9.25216007232666,14.375864028930664,11.254542350769045,38.77164077758789,36.09772872924805
Incidence of asthma,Standardized incidence ratio (both sexes),2017,0.67,(0.62-0.73),612,193894,Lower,Southwestern Public Health,11.305715560913086,9.29244327545166,13.841628074645996,10.916314125061035,38.04601287841797,35.448822021484375
Incidence of asthma,Standardized incidence ratio (both sexes),2018,0.64,(0.59-0.7),561,197112,Lower,Southwestern Public Health,11.911702156066896,9.825257301330566,13.731911659240724,10.75554370880127,38.11808776855469,35.628318786621094
Incidence of asthma,Standardized incidence ratio (both sexes),2019,0.78,(0.72-0.84),635,200544,Lower,Southwestern Public Health,11.749190330505373,9.564486503601074,13.93294906616211,10.949504852294922,37.03820037841797,34.64891052246094
Incidence of asthma,Standardized incidence ratio (both sexes),2020,1,(0.92-1.08),631,202410,No,Southwestern Public Health,10.933588981628418,8.987618446350098,11.988308906555176,9.32220458984375,36.81632614135742,34.46473693847656
Incidence of asthma,Standardized incidence ratio (both sexes),2021,0.98,(0.91-1.06),676,207297,No,Southwestern Public Health,12.346463203430176,10.104377746582031,12.42092514038086,9.748161315917969,38.21803283691406,35.768253326416016
Incidence of asthma,Standardized incidence ratio (both sexes),2022,0.78,(0.72-0.84),673,212590,Lower,Southwestern Public Health,10.35841941833496,8.759076118469238,12.793991088867188,9.94210720062256,37.87040328979492,35.44101333618164
Incidence of asthma,Standardized incidence ratio (both sexes),2013,0.53,(0.48-0.59),332,127032,Lower,Huron Perth Health Unit,13.02108669281006,10.800115585327148,14.833585739135742,11.679930686950684,38.270545959472656,35.72801971435547
Incidence of asthma,Standardized incidence ratio (both sexes),2014,0.52,(0.46-0.58),321,126675,Lower,Huron Perth Health Unit,13.541874885559082,11.096571922302246,15.307051658630373,11.989178657531738,37.97166061401367,35.366363525390625
Incidence of asthma,Standardized incidence ratio (both sexes),2015,0.53,(0.48-0.6),313,126169,Lower,Huron Perth Health Unit,13.249424934387209,10.92044734954834,14.819364547729492,11.573620796203612,38.46152114868164,35.79571533203125
Incidence of asthma,Standardized incidence ratio (both sexes),2016,0.5,(0.44-0.56),292,126835,Lower,Huron Perth Health Unit,11.07891845703125,9.147309303283691,14.287510871887209,11.171207427978516,38.580421447753906,35.94265365600586
Incidence of asthma,Standardized incidence ratio (both sexes),2017,0.62,(0.56-0.69),372,128525,Lower,Huron Perth Health Unit,11.182916641235352,9.185193061828612,13.815625190734863,10.884050369262695,37.91718292236328,35.35011672973633
Incidence of asthma,Standardized incidence ratio (both sexes),2018,0.55,(0.49-0.61),313,130082,Lower,Huron Perth Health Unit,11.810080528259276,9.73021411895752,13.732998847961426,10.740440368652344,38.04692077636719,35.58142852783203
Incidence of asthma,Standardized incidence ratio (both sexes),2019,0.58,(0.52-0.65),309,131178,Lower,Huron Perth Health Unit,11.619932174682615,9.4490966796875,13.906230926513672,10.910884857177734,36.93741226196289,34.57778549194336
Incidence of asthma,Standardized incidence ratio (both sexes),2020,0.56,(0.49-0.64),231,132290,Lower,Huron Perth Health Unit,10.818699836730955,8.887884140014648,11.993638038635254,9.307500839233398,36.69614028930664,34.36738586425781
Incidence of asthma,Standardized incidence ratio (both sexes),2021,0.59,(0.53-0.67),265,134386,Lower,Huron Perth Health Unit,12.233717918395996,10.006203651428224,12.402278900146484,9.716904640197754,38.09288787841797,35.66510009765625
Incidence of asthma,Standardized incidence ratio (both sexes),2022,0.56,(0.5-0.63),311,136686,Lower,Huron Perth Health Unit,10.27336597442627,8.677790641784668,12.802260398864746,9.931722640991213,37.74116897583008,35.33774948120117
